cluster,age,career_length_years,hierarchy_status,starting_salary,current_salary,C,D,I,S,Education,Finance,Healthcare,Technology,n
1,-0.7314254168740604,-0.7377377991144841,-0.6413148155325373,-0.07053607572776135,-0.7189044751859373,0.26037735849056604,0.269811320754717,0.24528301886792453,0.22452830188679246,0.2339622641509434,0.2358490566037736,0.25471698113207547,0.27547169811320754,530
2,0.8247988743473447,0.8319170926184607,0.7231847919834992,0.07954068113981644,0.8106795145713763,0.2404255319148936,0.2723404255319149,0.21914893617021278,0.2680851063829787,0.18085106382978725,0.25957446808510637,0.24468085106382978,0.3148936170212766,470
