k,wcss,silhouette_score
2,4219.403144544956,0.29463532943896076
3,3570.759858513352,0.26421074702240815
4,3156.5395104306044,0.2091134260851551
5,2872.841786768351,0.19344666525646803
6,2650.725108373812,0.18888278518062573
7,2465.0302143489994,0.2075019792474348
8,2302.2890982195117,0.21181797480855605
9,2156.355713845209,0.21113439094452233
10,2035.517027791197,0.22232804378027848
